{
  "project_info": {
    "project_number": "592725864472",
    "firebase_url": "https://gados-2bef4.firebaseio.com",
    "project_id": "gados-2bef4",
    "storage_bucket": "gados-2bef4.appspot.com"
  },
  "client": [
    {
      "client_info": {
        "mobilesdk_app_id": "1:592725864472:android:08920bb3af8ce6f2",
        "android_client_info": {
          "package_name": "com.example.gados"
        }
      },
      "oauth_client": [
        {
          "client_id": "592725864472-30sqoq4akpvmlodlvppe592ldhdhohun.apps.googleusercontent.com",
          "client_type": 1,
          "android_info": {
            "package_name": "com.example.gados",
            "certificate_hash": "3bd749f3bf4493b8ba6071479aadeba4a0ccfe14"
          }
        },
        {
          "client_id": "592725864472-rsaute5pduvksso2sopfi1a57d89qssg.apps.googleusercontent.com",
          "client_type": 1,
          "android_info": {
            "package_name": "com.example.gados",
            "certificate_hash": "e549d1e74a95a64576b416d7e16b43ef29409d0b"
          }
        },
        {
          "client_id": "592725864472-j21urje9nt2mkv4t6mu871og3kfo00ve.apps.googleusercontent.com",
          "client_type": 1,
          "android_info": {
            "package_name": "com.example.gados",
            "certificate_hash": "66b20b45efd6139e6f751a2af064fab63b77290e"
          }
        },
        {
          "client_id": "592725864472-sdj3lt7mm778028969kbnmijdlm0htn7.apps.googleusercontent.com",
          "client_type": 3
        }
      ],
      "api_key": [
        {
          "current_key": "AIzaSyBUcGYfZxE1pyDqc720KpmRMGhXUf1AkYU"
        }
      ],
      "services": {
        "appinvite_service": {
          "other_platform_oauth_client": [
            {
              "client_id": "592725864472-sdj3lt7mm778028969kbnmijdlm0htn7.apps.googleusercontent.com",
              "client_type": 3
            }
          ]
        }
      }
    }
  ],
  "configuration_version": "1"
}